,id,Name,Calories,Protein_(g),Carbs_(g),Fiber_(g),Sugar_(g),Calcium_(mg),Sodium_(mg),Total_Fat_(g)
5007,16410,"SOYBEANS,MATURE SEEDS,RSTED,NO SALT ADDED",469,38.55,30.22,17.7,,138.0,4.0,9.284
4846,16110,"SOYBEANS,MATURE SEEDS,RSTD,SALTED",469,38.55,30.22,17.7,4.2,138.0,163.0,9.284
4847,16111,"SOYBEANS,MATURE SEEDS,DRY RSTD",449,43.32,28.98,8.1,,140.0,2.0,7.903
4844,16108,"SOYBEANS,MATURE SEEDS,RAW",446,36.49,30.16,9.3,7.33,277.0,2.0,7.288
6140,19108,"CANDIES,JELLYBEANS",375,0.0,93.55,0.2,70.0,3.0,50.0,0.0
4780,16042,"BEANS,PINTO,MATURE SEEDS,RAW",347,21.42,62.55,15.5,2.11,113.0,12.0,0.46399999999999997
4785,16047,"BEANS,YEL,MATURE SEEDS,RAW",345,22.0,60.7,25.1,,166.0,12.0,0.897
4815,16078,"MOTHBEANS,MATURE SEEDS,RAW",343,22.94,61.52,,,150.0,30.0,0.493
4760,16022,"BEANS,FRENCH,MATURE SEEDS,RAW",343,18.81,64.11,25.2,,186.0,18.0,0.359
4778,16040,"BEANS,PINK,MATURE SEEDS,RAW",343,20.96,64.19,12.7,2.14,130.0,8.0,0.39
4790,16052,"BROADBEANS (FAVA BEANS),MATURE SEEDS,RAW",341,26.12,58.29,25.0,5.7,103.0,13.0,0.5569999999999999
4752,16014,"BEANS,BLACK,MATURE SEEDS,RAW",341,21.6,62.36,15.5,2.12,123.0,5.0,0.489
4754,16016,"BEANS,BLACK TURTLE,MATURE SEEDS,RAW",339,21.25,63.25,15.5,2.12,160.0,9.0,0.31
4762,16024,"BEANS,GREAT NORTHERN,MATURE SEEDS,RAW",339,21.86,62.37,20.2,2.26,175.0,14.0,0.409
4775,16037,"BEANS,NAVY,MATURE SEEDS,RAW",337,22.33,60.75,15.3,3.88,147.0,5.0,0.29800000000000004
4770,16032,"BEANS,KIDNEY,RED,MATURE SEEDS,RAW",337,22.53,61.29,15.2,2.1,83.0,12.0,0.236
4783,16045,"BEANS,SML WHITE,MATURE SEEDS,RAW",336,21.11,62.25,24.9,,173.0,12.0,0.40599999999999997
4757,16019,"BEANS,CRANBERRY (ROMAN),MATURE SEEDS,RAW",335,23.03,60.05,24.7,,127.0,6.0,0.422
4787,16049,"BEANS,WHITE,MATURE SEEDS,RAW",333,23.36,60.27,15.2,2.11,240.0,16.0,0.293
4765,16027,"BEANS,KIDNEY,ALL TYPES,MATURE SEEDS,RAW",333,23.58,60.01,24.9,2.23,143.0,24.0,0.184
4768,16030,"BEANS,KIDNEY,CALIFORNIA RED,MATURE SEEDS,RAW",330,24.37,59.8,24.9,,195.0,11.0,0.05499999999999999
4773,16035,"BEANS,KIDNEY,ROYAL RED,MATURE SEEDS,RAW",329,25.33,58.33,24.9,,131.0,13.0,0.1
4741,16001,"BEANS,ADZUKI,MATURE SEEDS,RAW",329,19.87,62.9,12.7,,66.0,5.0,0.241
4743,16003,"BEANS,ADZUKI,MATURE SEEDS,CND,SWTND",237,3.8,55.01,,,22.0,218.0,0.013999999999999999
5006,16409,"SOYBEANS,MATURE SEEDS,CKD,BLD,W/SALT",172,18.21,8.36,6.0,2.36,102.0,237.0,3.278
4845,16109,"SOYBEANS,MATURE CKD,BLD,WO/SALT",172,18.21,8.36,6.0,3.0,102.0,1.0,3.278
2850,11048,"BEANS,PINTO,IMMAT SEEDS,FRZ,UNPREP",170,9.8,32.5,5.7,,58.0,92.0,0.098
3337,11720,"BEANS,PINTO,IMMAT SEEDS,FRZ,CKD,BLD,DRND,W/SALT",162,9.31,30.87,5.4,,52.0,319.0,0.093
2851,11049,"BEANS,PINTO,IMMAT SEEDS,FRZ,CKD,BLD,DRND,WO/SALT",162,9.31,30.87,5.4,,52.0,83.0,0.093
4745,16005,"BEANS,BAKED,HOME PREPARED",155,5.54,21.63,5.5,,61.0,422.0,4.0809999999999995
4973,16341,"BEANS,PINK,MATURE SEEDS,CKD,BLD,W/SALT",149,9.06,27.91,5.3,0.36,52.0,238.0,0.168
4779,16041,"BEANS,PINK,MATURE SEEDS,CKD,BLD,WO/SALT",149,9.06,27.91,5.3,0.36,52.0,2.0,0.168
3161,11450,"SOYBEANS,GREEN,RAW",147,12.95,11.05,4.2,,197.0,15.0,2.0700000000000003
4978,16348,"BEANS,YEL,MATURE SEEDS,CKD,BLD,W/SALT",144,9.16,25.28,10.4,0.34,62.0,241.0,0.373
4786,16048,"BEANS,YEL,MATURE SEEDS,CKD,BLD,WO/SALT",144,9.16,25.28,10.4,0.34,62.0,5.0,0.373
4974,16343,"BEANS,PINTO,MATURE SEEDS,CKD,BLD,W/SALT",143,9.01,26.22,9.0,0.34,46.0,238.0,0.215
4781,16043,"BEANS,PINTO,MATURE SEEDS,CKD,BLD,WO/SALT",143,9.01,26.22,9.0,0.34,46.0,1.0,0.269
4976,16346,"BEANS,SML WHITE,MATURE SEEDS,CKD,BLD,W/SALT",142,8.97,25.81,10.4,,73.0,238.0,0.222
4784,16046,"BEANS,SML WHITE,MATURE SEEDS,CKD,BLD,WO/SALT",142,8.97,25.81,10.4,,73.0,2.0,0.222
4748,16008,"BEANS,BKD,CND,W/FRANKS",142,6.75,15.39,6.9,6.53,48.0,430.0,5.182
3162,11451,"SOYBEANS,GRN,CKD,BLD,DRND,WO/SALT",141,12.35,11.05,4.2,,145.0,14.0,1.949
3467,11853,"SOYBEANS,GRN,CKD,BLD,DRND,W/SALT",141,12.35,11.05,4.2,,145.0,250.0,1.949
4776,16038,"BEANS,NAVY,MATURE SEEDS,CKD,BLD,WO/SALT",140,8.23,26.05,10.5,0.37,69.0,0.0,0.24
4972,16338,"BEANS,NAVY,MATURE SEEDS,CKD,BLD,W/SALT",140,8.23,26.05,10.5,0.37,69.0,237.0,0.078
4788,16050,"BEANS,WHITE,MATURE SEEDS,CKD,BLD,WO/SALT",139,9.73,25.09,6.3,0.34,90.0,6.0,0.122
4979,16350,"BEANS,WHITE,MATURE SEEDS,CKD,BLD,W/ SALT",139,9.73,25.09,6.3,0.34,90.0,242.0,0.122
4758,16020,"BEANS,CRANBERRY (ROMAN),MATURE SEEDS,CKD,BLD,WO/SALT",136,9.34,24.46,8.6,,50.0,1.0,0.159
4962,16320,"BEANS,CRANBERRY (ROMAN),MATURE SEEDS,CKD,BLD,W/SALT",136,9.34,24.46,8.6,,50.0,237.0,0.159
4753,16015,"BEANS,BLACK,MATURE SEEDS,CKD,BLD,WO/SALT",132,8.86,23.71,8.7,0.32,27.0,1.0,0.186
4959,16315,"BEANS,BLACK,MATURE SEEDS,CKD,BLD,W/SALT",132,8.86,23.71,8.7,0.32,27.0,237.0,0.186
4755,16017,"BEANS,BLACK TURTLE,MATURE SEEDS,CKD,BLD,WO/ SALT",130,8.18,24.35,8.3,0.32,55.0,3.0,0.119
4961,16317,"BEANS,BLACK TURTLE,MATURE SEEDS,CKD,BLD,W/ SALT",130,8.18,24.35,8.3,0.32,55.0,239.0,0.119
4761,16023,"BEANS,FRENCH,MATURE SEEDS,CKD,BLD,WO/SALT",129,7.05,24.02,9.4,,63.0,6.0,0.135
4963,16323,"BEANS,FRENCH,MATURE SEEDS,CKD,BLD,W/SALT",129,7.05,24.02,9.4,,63.0,242.0,0.135
4742,16002,"BEANS,ADZUKI,MATURE SEEDS,CKD,BLD,WO/SALT",128,7.52,24.77,7.3,,28.0,8.0,0.045
4958,16302,"BEANS,ADZUKI,MATURE SD,CKD,BLD,W/SALT",128,7.52,24.77,7.3,,28.0,244.0,0.045
4966,16328,"BEANS,KIDNEY,ALL TYPES,MATURE SEEDS,CKD,BLD,W/SALT",127,8.67,22.8,6.4,0.32,28.0,238.0,0.11099999999999999
4766,16028,"BEANS,KIDNEY,ALL TYPES,MATURE SEEDS,CKD,BLD,WO/SALT",127,8.67,22.8,6.4,0.32,35.0,1.0,0.11199999999999999
4968,16333,"BEANS,KIDNEY,RED,MATURE SEEDS,CKD,BLD,W/SALT",127,8.67,22.8,7.4,0.32,28.0,238.0,0.11099999999999999
4771,16033,"BEANS,KIDNEY,RED,MATURE SEEDS,CKD,BLD,WO/SALT",127,8.67,22.8,7.4,0.32,28.0,2.0,0.11099999999999999
3534,11924,"SOYBEANS,MATURE SEEDS,SPROUTED,CKD,STIR-FRIED,W/SALT",125,13.1,9.4,0.8,,82.0,250.0,
3165,11454,"SOYBEANS,MATURE SEEDS,SPROUTED,CKD,STIR-FRIED",125,13.1,9.4,0.8,,82.0,14.0,2.594
4876,16145,"BEANS,KIDNEY,RED,MATURE SEEDS,CND,DRND SOL",124,7.98,21.49,5.5,3.8,57.0,231.0,0.21
4967,16331,"BEANS,KIDNEY,CALIFORNIA RED,MATURE SEEDS,CKD,BLD,W/SALT",124,9.13,22.41,9.3,,66.0,240.0,0.021
4769,16031,"BEANS,KIDNEY,CALIFORNIA RED,MATURE SEEDS,CKD,BLD,WO/SALT",124,9.13,22.41,9.3,,66.0,4.0,0.021
4774,16036,"BEANS,KIDNEY,ROYAL RED,MATURE SEEDS,CKD,BLD,WO/SALT",123,9.49,21.85,9.3,,44.0,5.0,0.037
4970,16336,"BEANS,KIDNEY,ROYAL RED,MATURE SEEDS,CKD,BLD W/SALT",123,9.49,21.85,9.3,,44.0,241.0,0.037
3163,11452,"SOYBEANS,MATURE SEEDS,SPROUTED,RAW",122,13.09,9.57,1.1,,67.0,14.0,2.447
4747,16007,"BEANS,BKD,CND,W/BF",121,6.38,16.91,,,45.0,475.0,3.0620000000000003
4969,16335,"BEANS,KIDNEY,RED,MATURE SEEDS,CND,DRND SOL,RINSED IN TAP H2O",121,8.12,20.8,6.0,,58.0,208.0,0.38
4964,16325,"BEANS,GREAT NORTHERN,MATURE SEEDS,CKD,BLD,W/SALT",118,8.33,21.09,7.0,,68.0,238.0,0.161
4763,16025,"BEANS,GREAT NORTHERN,MATURE SEEDS,CKD,BLD,WO/SALT",118,8.33,21.09,7.0,,68.0,2.0,0.161
4992,16379,"MOTHBEANS,MATURE SEEDS,CKD,BLD,W/SALT",117,7.81,20.96,,,3.0,246.0,0.16799999999999998
4816,16079,"MOTHBEANS,MATURE SEEDS,CKD,BLD,WO/SALT",117,7.81,20.96,,,3.0,10.0,0.16799999999999998
4975,16345,"BEANS,PINTO,MATURE SEEDS,CND,DRND SOL,RINSED IN TAP H2O",117,7.04,20.77,,,64.0,212.0,
4764,16026,"BEANS,GREAT NORTHERN,MATURE SEEDS,CND",114,7.37,21.02,4.9,1.41,53.0,370.0,0.13799999999999998
4789,16051,"BEANS,WHITE,MATURE SEEDS,CND",114,7.26,21.2,4.8,0.29,73.0,340.0,0.099
4877,16146,"BEANS,PINTO,CND,DRND SOL",114,6.99,20.22,5.5,0.54,63.0,239.0,0.311
4965,16326,"BEANS,GREAT NORTHERN,MATURE SEEDS,CND,LO NA",114,7.37,21.02,4.9,1.41,53.0,177.0,0.13799999999999998
4777,16039,"BEANS,NAVY,MATURE SEEDS,CND",113,7.53,20.45,5.1,0.28,47.0,336.0,0.15
4791,16053,"BROADBEANS (FAVA BNS),MATURE SEEDS,CKD,BLD,WO/SALT",110,7.6,19.65,5.4,1.82,36.0,5.0,0.14500000000000002
4980,16353,"BROADBEANS (FAVA BNS),MATURE SEEDS,CKD,BLD,W/SALT",110,7.6,19.65,5.4,1.82,36.0,241.0,0.14500000000000002
4749,16009,"BEANS,BKD,CND,W/PORK",106,5.19,19.99,5.5,,53.0,414.0,1.272
8741,43449,"BEANS,BKD,CND,NO SALT ADDED",105,4.8,20.49,5.5,7.78,50.0,1.0,0.138
4750,16010,"BEANS,BKD,CND,W/PORK&SWT SAU",105,4.52,21.57,4.4,8.23,39.0,391.0,0.453
4797,16059,"CHILI WITH BEANS,CANNED",103,6.12,13.24,3.3,1.65,47.0,423.0,2.734
8660,43112,"BEANS,CHILI,BARBECUE,RANCH STYLE,CKD",97,5.0,16.9,4.2,5.25,31.0,725.0,0.22199999999999998
4751,16011,"BEANS,BKD,CND,W/PORK&TOMATO SAU",94,5.15,18.69,4.0,5.67,56.0,437.0,0.5700000000000001
4746,16006,"BEANS,BKD,CND,PLN OR VEGETARIAN",94,4.75,21.14,4.1,7.96,34.0,343.0,0.16599999999999998
4960,16316,"BEANS,BLACK,MATURE SEEDS,CND,LO NA",91,6.03,16.55,6.9,0.23,35.0,138.0,0.1
4756,16018,"BEANS,BLACK TURTLE,MATURE SEEDS,CND",91,6.03,16.55,6.9,0.23,35.0,384.0,0.1
3580,11973,"BEANS,FAVA,IN POD,RAW",88,7.92,17.63,7.5,9.21,37.0,25.0,0.22199999999999998
4767,16029,"BEANS,KIDNEY,ALL TYPES,MATURE SEEDS,CND",84,5.22,14.5,4.3,1.85,34.0,296.0,0.523
4759,16021,"BEANS,CRANBERRY (ROMAN),MATURE SEEDS,CND",83,5.54,15.12,6.3,,34.0,332.0,0.096
4977,16347,"BEANS,PINTO,MATURE SEEDS,CND,SOL & LIQUIDS,LO NA",82,4.6,15.18,4.6,1.02,47.0,146.0,0.23
4782,16044,"BEANS,PINTO,MATURE SEEDS,CND,SOL & LIQUIDS",82,4.6,15.18,4.6,1.02,47.0,268.0,0.237
4772,16034,"BEANS,KIDNEY,RED,MATURE SEEDS,CND,SOL & LIQUIDS",81,5.22,14.83,4.3,1.85,29.0,256.0,0.272
3533,11923,"SOYBEANS,MATURE SEEDS,SPROUTED,CKD,STMD,W/SALT",81,8.47,6.53,0.8,0.43,59.0,246.0,1.626
3164,11453,"SOYBEANS,MATURE SEEDS,SPROUTED,CKD,STMD",81,8.47,6.53,0.8,0.52,59.0,10.0,1.626
4971,16337,"BEANS,KIDNEY,RED,MATURE SEEDS,CND,SOL & LIQ,LO NA",81,5.22,14.83,5.3,1.85,29.0,117.0,0.272
3336,11719,"BEANS,NAVY,MATURE SEEDS,SPROUTED,CKD,BLD,DRND,W/SALT",78,7.07,15.01,,,16.0,250.0,0.158
2849,11047,"BEANS,NAVY,MATURE SEEDS,SPROUTED,CKD,BLD,DRND,WO/SALT",78,7.07,15.01,,,16.0,14.0,0.158
2868,11088,"BROADBEANS,IMMAT SEEDS,RAW",72,5.6,11.7,4.2,,22.0,50.0,0.15500000000000003
4792,16054,"BROADBEANS (FAVA BNS),MATURE SEEDS,CND",71,5.47,12.41,3.7,,26.0,453.0,0.08099999999999999
2848,11046,"BEANS,NAVY,MATURE SEEDS,SPROUTED,RAW",67,6.15,13.05,,,15.0,13.0,0.137
3355,11738,"BROADBEANS,IMMAT SEEDS,CKD,BLD,DRND,W/SALT",62,4.8,10.1,,,18.0,277.0,0.16199999999999998
2869,11089,"BROADBEANS,IMMAT SEEDS,CKD,BLD,DRND,WO/SALT",62,4.8,10.1,3.6,,18.0,41.0,0.16199999999999998
3295,11653,"BEANS,PINTO,MATURE SEEDS,SPROUTED,RAW",62,5.25,11.6,,,43.0,153.0,0.176
2976,11225,"HYACINTH-BEANS,IMMAT SEEDS,CKD,BLD,DRND,WO/SALT",50,2.95,9.2,,,41.0,2.0,0.248
3404,11788,"HYACINTH-BEANS,IMMAT SEEDS,CKD,BLD,DRND,W/SALT",50,2.95,9.2,,,41.0,238.0,0.248
8662,43125,"BEANS,LIQ FROM STWD KIDNEY BNS",47,1.8,2.8,0.1,0.0,13.0,2.0,2.71
2975,11224,"HYACINTH-BEANS,IMMAT SEEDS,RAW",46,2.1,9.19,3.3,4.08,50.0,2.0,0.183
2860,11062,"BEANS,SNAP,GRN,FRZ,ALL STYLES,MICROWAVED",40,1.98,6.98,3.4,2.6,61.0,3.0,0.055
2858,11060,"BEANS,SNAP,GRN,FRZ,ALL STYLES,UNPREP",39,1.79,7.54,2.6,2.21,42.0,3.0,0.055
2861,11063,"BEANS,SNAP,GRN,MICROWAVED",39,2.31,6.41,3.4,3.22,55.0,3.0,
3341,11724,"BEANS,SNAP,YEL,CKD,BLD,DRND,WO/SALT",35,1.89,7.88,3.3,3.63,46.0,3.0,0.075
3340,11723,"BEANS,SNAP,GRN,CKD,BLD,DRND,W/SALT",35,1.89,7.88,3.2,3.63,44.0,239.0,0.075
3342,11725,"BEANS,SNAP,YEL,CKD,BLD,DRND,W/SALT",35,1.89,7.88,3.3,3.63,46.0,239.0,0.075
2854,11053,"BEANS,SNAP,GRN,CKD,BLD,DRND,WO/SALT",35,1.89,7.88,3.2,3.63,44.0,1.0,0.075
3330,11713,"BEANS,KIDNEY,MATURE SEEDS,SPROUTED,CKD,BLD,DRND,W/SALT",33,4.83,4.72,,,19.0,243.0,0.128
2837,11030,"BEANS,KIDNEY,MATURE SEEDS,SPROUTED,CKD,BLD,DRND,WO/SALT",33,4.83,4.72,,,19.0,7.0,0.128
3347,11730,"BEANS,SNAP,YEL,FRZ,ALL STYLES,UNPREP",33,1.8,7.58,2.8,2.22,42.0,3.0,0.055
3339,11722,"BEANS,SNAP,YELLOW,RAW",31,1.82,7.13,3.4,3.27,37.0,6.0,0.031
2853,11052,"BEANS,SNAP,GREEN,RAW",31,1.83,6.97,2.7,3.26,37.0,6.0,0.060000000000000005
2852,11050,"BEANS,SHELLIE,CND,SOL & LIQUIDS",30,1.76,6.19,3.4,0.63,29.0,334.0,0.037
2836,11029,"BEANS,KIDNEY,MATURE SEEDS,SPROUTED,RAW",29,4.2,4.1,,,17.0,6.0,0.11099999999999999
2859,11061,"BEANS,SNAP,GRN,FRZ,CKD,BLD,DRND WO/SALT",28,1.49,6.45,3.0,1.88,42.0,1.0,0.052
3348,11731,"BEANS,SNAP,GRN,FRZ,CKD,BLD,DRND,W/SALT",28,1.49,6.45,3.0,1.88,42.0,245.0,0.052
3349,11732,"BEANS,SNAP,YEL,FRZ,CKD,BLD,DRND,WO/SALT",28,1.49,6.45,3.0,1.88,49.0,9.0,0.052
3350,11733,"BEANS,SNAP,YEL,FRZ,CKD,BLD,DRND,W/SALT",28,1.49,6.45,3.0,1.88,49.0,245.0,0.052
3296,11654,"BEANS,PINTO,MATURE SEEDS,SPROUTED,CKD,BLD,DRND,WO/SALT",22,1.86,4.1,,,15.0,51.0,0.063
3346,11729,"BEANS,SNAP,GRN,CND,NO SALT,DRND SOL",22,1.12,4.32,1.9,0.78,38.0,2.0,0.122
2856,11056,"BEANS,SNAP,GRN,CND,REG PK,DRND SOL",21,1.05,4.19,1.9,1.44,37.0,268.0,0.11
3542,11932,"BEANS,SNAP,YEL,CND,REG PK,DRND SOL",20,1.15,4.5,1.3,0.78,26.0,251.0,0.026
3543,11933,"BEANS,SNAP,YEL,CND,NO SALT,DRND SOL",20,1.15,4.5,1.3,0.78,26.0,2.0,0.026
3338,11721,"BEANS,PINTO,MATURE SEEDS,SPROUTED,CKD,BLD,DRND,W/SALT",20,1.86,3.5,,,15.0,287.0,0.063
2857,11058,"BEANS,SNAP,CND,ALL STYLES,SEASONED,SOL&LIQUIDS",16,0.83,3.49,1.5,,22.0,373.0,0.053
3343,11726,"BEANS,SNAP,GRN,CND,NO SALT,SOL&LIQUIDS",15,0.8,3.5,1.5,,24.0,14.0,0.027
3344,11727,"BEANS,SNAP,YEL,CND,REG PK,SOL&LIQUIDS",15,0.8,3.5,1.5,0.62,24.0,259.0,0.027
2855,11054,"BEANS,SNAP,GRN,CND,REG PK,SOL & LIQUIDS",15,0.72,3.27,1.5,1.25,29.0,192.0,0.047
3345,11728,"BEANS,SNAP,YEL,CND,NO SALT,SOL&LIQUIDS",15,0.8,3.5,1.5,0.62,24.0,14.0,0.027
3283,11626,"BEANS,MUNG,MATURE SEEDS,SPROUTED,CND,DRND SOL",12,1.4,2.14,0.8,0.7,14.0,42.0,0.024
